City_ID,City,Country,Date,Lat,Lng,Max Temp,Humidity,Clouds,Wind
0,Rikitea,PF,2022-10-12 20:1911,-23.1203,-134.9692,67.93,64,0,17.52
1,Mataura,NZ,2022-10-12 20:1912,-46.1927,168.8643,44.96,69,98,0.85
2,Albany,US,2022-10-12 20:1535,42.6001,-73.9662,68.88,48,100,3.0
3,Kyaikkami,MM,2022-10-12 20:1715,16.08,97.5675,79.18,77,6,3.31
4,Punta Arenas,CL,2022-10-12 20:1703,-53.15,-70.9167,41.02,70,40,29.93
5,Ushuaia,AR,2022-10-12 20:1914,-54.8,-68.3,37.06,87,100,27.63
6,Santa Maria,BR,2022-10-12 20:1823,-29.6842,-53.8069,70.9,56,1,5.73
7,Minusinsk,RU,2022-10-12 20:1915,53.7103,91.6875,41.99,84,100,9.98
8,Vostok,RU,2022-10-12 20:1916,46.4856,135.8833,31.82,78,32,4.56
9,Kamaishi,JP,2022-10-12 20:1916,39.2667,141.8833,58.68,73,100,5.53
10,Ushtobe,KZ,2022-10-12 20:1917,45.2514,77.9838,48.99,29,0,4.97
11,Bredasdorp,ZA,2022-10-12 20:1918,-34.5322,20.0403,59.16,96,100,2.37
12,Burnie,AU,2022-10-12 20:1918,-41.0667,145.9167,56.95,94,100,15.19
13,Cape Town,ZA,2022-10-12 20:1712,-33.9258,18.4232,64.27,84,75,16.11
14,Guerrero Negro,MX,2022-10-12 20:1919,27.9769,-114.0611,74.44,66,38,14.29
15,Lagoa,PT,2022-10-12 20:1920,39.05,-27.9833,70.66,82,6,10.25
16,Carlagan,PH,2022-10-12 20:1921,14.975,122.0456,80.37,81,99,8.01
17,Carutapera,BR,2022-10-12 20:1921,-1.195,-46.02,82.33,69,100,10.02
18,Shahrud,IR,2022-10-12 20:1922,36.4182,54.9763,59.05,69,0,8.75
19,Ossora,RU,2022-10-12 20:1923,59.2353,163.0719,30.29,94,100,16.44
20,Guerrero,MX,2022-10-12 20:1923,17.6667,-100.0,76.66,79,90,1.59
21,Tiksi,RU,2022-10-12 20:1924,71.6872,128.8694,19.83,87,100,8.7
22,Kapaa,US,2022-10-12 20:1924,22.0752,-159.319,84.18,82,0,5.75
23,Bluff,NZ,2022-10-12 20:1925,-46.6,168.3333,46.98,66,98,3.91
24,Bengkulu,ID,2022-10-12 20:1926,-3.8004,102.2655,74.5,89,100,1.34
25,Vestmannaeyjar,IS,2022-10-12 20:1926,63.4427,-20.2734,46.4,74,97,13.56
26,Bogande,BF,2022-10-12 20:1927,12.9714,-0.1436,89.13,32,39,5.61
27,Atuona,PF,2022-10-12 20:1928,-9.8,-139.0333,77.02,81,69,19.95
28,Bari,IT,2022-10-12 20:1928,41.1177,16.8512,64.87,92,0,3.44
29,Mandapam,IN,2022-10-12 20:1929,9.2833,79.1167,81.59,78,99,10.58
30,Port Hedland,AU,2022-10-12 20:1929,-20.3167,118.5667,73.45,17,1,11.5
31,Butaritari,KI,2022-10-12 20:1930,3.0707,172.7902,81.91,76,63,22.41
32,Copiapo,CL,2022-10-12 20:1931,-27.3667,-70.3333,56.89,30,17,8.72
33,Chuy,UY,2022-10-12 20:1932,-33.6971,-53.4616,67.8,54,0,4.85
34,Yellowknife,CA,2022-10-12 20:1526,62.456,-114.3525,36.12,51,20,23.0
35,Nanortalik,GL,2022-10-12 20:1933,60.1432,-45.2371,29.79,67,20,13.58
36,Hasaki,JP,2022-10-12 20:1934,35.7333,140.8333,68.22,80,100,20.8
37,Touros,BR,2022-10-12 20:1934,-5.1989,-35.4608,78.93,76,100,17.9
38,Georgetown,MY,2022-10-12 20:1803,5.4112,100.3354,81.9,88,20,0.0
39,Ribeira Grande,PT,2022-10-12 20:1936,38.5167,-28.7,72.77,83,75,3.44
40,Husavik,IS,2022-10-12 20:1936,66.0449,-17.3389,40.42,73,100,7.54
41,Warmbad,NA,2022-10-12 20:1937,-28.45,18.7333,85.06,22,100,9.13
42,Alice Springs,AU,2022-10-12 20:1938,-23.7,133.8833,56.75,72,100,12.66
43,Yinchuan,CN,2022-10-12 20:1939,38.4681,106.2731,55.6,15,100,5.95
44,Kruisfontein,ZA,2022-10-12 20:1939,-34.0033,24.7314,66.88,91,100,4.12
45,Vaini,TO,2022-10-12 20:1940,-21.2,-175.2,75.36,88,40,4.61
46,Malinovskiy,RU,2022-10-12 20:2041,61.1953,62.8397,37.63,96,55,5.28
47,Port Elizabeth,ZA,2022-10-12 20:2041,-33.918,25.5701,69.1,95,20,11.5
48,Hilo,US,2022-10-12 20:1548,19.7297,-155.09,92.28,71,20,5.75
49,Bukachacha,RU,2022-10-12 20:2042,52.9833,116.9167,33.13,80,100,3.29
50,Port Lincoln,AU,2022-10-12 20:2043,-34.7333,135.8667,52.72,74,65,10.78
51,Koslan,RU,2022-10-12 20:2043,63.4564,48.8989,40.51,97,100,3.44
52,Kabare,CD,2022-10-12 20:2044,-2.4683,28.8242,62.65,86,95,2.19
53,Tuy Hoa,VN,2022-10-12 20:2044,13.0833,109.3,76.1,87,90,9.82
54,Pangkalanbuun,ID,2022-10-12 20:2045,-2.6833,111.6167,73.53,99,100,1.3
55,Busselton,AU,2022-10-12 20:2046,-33.65,115.3333,45.72,80,11,3.87
56,Dalvik,IS,2022-10-12 20:2046,65.9702,-18.5286,40.93,74,100,10.6
57,Yulara,AU,2022-10-12 20:2047,-25.2406,130.9889,53.55,75,100,19.93
58,Upernavik,GL,2022-10-12 20:2047,72.7868,-56.1549,13.95,78,3,6.51
59,San Cristobal,VE,2022-10-12 20:1856,7.7669,-72.225,84.94,44,93,4.43
60,Dambulla,LK,2022-10-12 20:2048,7.86,80.6517,73.53,95,78,3.56
61,Jalu,LY,2022-10-12 20:2049,29.0331,21.5482,78.24,31,0,6.71
62,Puri,IN,2022-10-12 20:2049,19.8,85.85,77.52,87,100,6.13
63,Hami,CN,2022-10-12 20:2050,42.8,93.45,48.24,55,4,4.43
64,Carnarvon,AU,2022-10-12 20:2051,-24.8667,113.6333,60.85,46,0,20.31
65,Jaque,PA,2022-10-12 20:2051,7.5175,-78.1703,80.56,82,100,4.07
66,Puerto Ayora,EC,2022-10-12 20:2052,-0.7393,-90.3518,71.56,86,96,5.99
67,Tateyama,JP,2022-10-12 20:2053,34.9833,139.8667,63.1,82,100,5.75
68,Chapais,CA,2022-10-12 20:2053,49.7834,-74.8492,60.58,82,99,13.06
69,Plettenberg Bay,ZA,2022-10-12 20:2054,-34.0527,23.3716,63.23,95,96,0.81
70,Arkhangelsk,RU,2022-10-12 20:2055,64.5401,40.5433,42.91,86,40,4.47
71,Lulea,SE,2022-10-12 20:1610,65.5842,22.1547,37.47,81,0,3.44
72,Ipoh,MY,2022-10-12 20:2056,4.5841,101.0829,74.48,95,100,2.89
73,Ariquemes,BR,2022-10-12 20:2056,-9.9133,-63.0408,89.11,46,97,3.56
74,Castro,BR,2022-10-12 20:2057,-24.7911,-50.0119,64.62,91,100,7.05
75,Chauk,MM,2022-10-12 20:2057,20.8833,94.8167,77.11,87,8,5.32
76,Yar-Sale,RU,2022-10-12 20:2058,66.8333,70.8333,36.45,83,79,6.85
77,Saskylakh,RU,2022-10-12 20:2059,71.9167,114.0833,21.27,97,98,2.93
78,Grants,US,2022-10-12 20:2059,35.1473,-107.8514,73.63,15,0,10.36
79,Abu Samrah,SY,2022-10-12 20:2100,35.3029,37.1841,73.09,45,96,5.59
80,Saldanha,ZA,2022-10-12 20:2100,-33.0117,17.9442,60.85,87,56,19.04
81,Thinadhoo,MV,2022-10-12 20:2101,0.5333,72.9333,80.65,79,100,14.67
82,Tazovskiy,RU,2022-10-12 20:2102,67.4667,78.7,35.46,79,100,11.12
83,Jamestown,US,2022-10-12 20:1841,42.097,-79.2353,67.17,50,20,16.11
84,Ipixuna,BR,2022-10-12 20:2104,-1.7625,-48.8043,85.3,63,28,4.68
85,Bambous Virieux,MU,2022-10-12 20:2105,-20.3428,57.7575,71.85,68,75,6.91
86,San Patricio,US,2022-10-12 20:2106,28.017,-97.5169,93.16,47,69,10.09
87,Kautokeino,NO,2022-10-12 20:2107,69.0125,23.0412,33.15,78,6,9.69
88,Goderich,CA,2022-10-12 20:2108,43.7501,-81.7165,67.91,63,100,16.11
89,Qaanaaq,GL,2022-10-12 20:2109,77.484,-69.3632,7.0,65,6,7.47
90,Constantine,DZ,2022-10-12 20:2109,36.365,6.6147,67.41,72,75,4.61
91,Mar Del Plata,AR,2022-10-12 20:2110,-38.0023,-57.5575,64.42,60,0,11.99
92,Thompson,CA,2022-10-12 20:1735,55.7435,-97.8558,37.56,93,100,18.41
93,Cardston,CA,2022-10-12 20:2214,49.2,-113.3019,57.49,35,75,3.44
94,Hermanus,ZA,2022-10-12 20:2215,-34.4187,19.2345,63.81,89,100,7.81
95,Caravelas,BR,2022-10-12 20:2216,-17.7125,-39.2481,77.97,64,13,7.52
96,Kodiak,US,2022-10-12 20:2216,57.79,-152.4072,42.31,56,100,17.27
97,Ancud,CL,2022-10-12 20:2217,-41.8697,-73.8203,48.06,49,67,15.43
98,Jablah,SY,2022-10-12 20:2218,35.3614,35.9256,73.36,71,78,2.13
99,Tasiilaq,GL,2022-10-12 20:2218,65.6145,-37.6368,32.16,93,100,6.22
100,Luderitz,NA,2022-10-12 20:2219,-26.6481,15.1594,63.07,78,100,9.95
101,Puerto Narino,CO,2022-10-12 20:2220,-3.7703,-70.3831,81.75,72,100,4.59
102,Bonoua,CI,2022-10-12 20:2220,5.2741,-3.595,80.22,89,53,6.24
103,Richards Bay,ZA,2022-10-12 20:2222,-28.783,32.0377,70.57,90,80,3.94
104,Tautira,PF,2022-10-12 20:2222,-17.7333,-149.15,76.14,83,52,18.21
105,New Norfolk,AU,2022-10-12 20:2223,-42.7826,147.0587,59.92,70,100,5.01
106,Mountain Home,US,2022-10-12 20:1948,43.133,-115.6912,72.88,23,0,10.36
107,Barrow,US,2022-10-12 20:2224,71.2906,-156.7887,30.22,80,75,24.16
108,Talara,PE,2022-10-12 20:2225,-4.5772,-81.2719,70.56,64,0,14.97
109,Dingle,PH,2022-10-12 20:2226,10.9995,122.6711,75.42,92,100,3.83
110,Sorland,NO,2022-10-12 20:2227,67.667,12.6934,49.86,91,100,33.44
111,Hobart,AU,2022-10-12 20:2158,-42.8794,147.3294,60.26,83,100,20.71
112,Karatuzskoye,RU,2022-10-12 20:2228,53.6072,92.8667,39.58,89,100,10.8
113,Malakal,SS,2022-10-12 20:2228,9.5334,31.6605,75.47,79,62,3.76
114,Coahuayana,MX,2022-10-12 20:2229,18.7333,-103.6833,88.39,65,100,4.56
115,Aksu,CN,2022-10-12 20:2230,41.1231,80.2644,51.24,36,0,4.79
116,Aksarka,RU,2022-10-12 20:2231,66.5606,67.7975,39.34,79,100,8.79
117,Cuamba,MZ,2022-10-12 20:2231,-14.8031,36.5372,75.29,30,2,2.86
118,Neiafu,TO,2022-10-12 20:2232,-18.65,-173.9833,79.48,78,20,2.3
119,Jales,BR,2022-10-12 20:2233,-20.2689,-50.5458,81.97,48,100,5.48
120,Coihaique,CL,2022-10-12 20:1914,-45.5752,-72.0662,46.35,42,40,10.36
121,Kaitangata,NZ,2022-10-12 20:2234,-46.2817,169.8464,44.85,70,89,4.45
122,Nikolskoye,RU,2022-10-12 20:2234,59.7035,30.7861,39.09,92,14,4.47
123,Suntar,RU,2022-10-12 20:2235,62.1444,117.6319,35.33,96,100,8.77
124,Avera,US,2022-10-12 20:2236,33.194,-82.5271,77.56,75,100,7.38
125,Khatanga,RU,2022-10-12 20:2236,71.9667,102.5,30.29,98,100,7.54
126,Brae,GB,2022-10-12 20:2237,60.3964,-1.353,48.33,71,11,14.41
127,San Rafael,AR,2022-10-12 20:2238,-34.6177,-68.3301,78.46,14,47,6.91
128,Torbay,CA,2022-10-12 20:2239,47.6666,-52.7314,54.39,67,75,6.91
129,Kathmandu,NP,2022-10-12 20:2157,27.7167,85.3167,66.42,88,75,3.44
130,Luang Prabang,LA,2022-10-12 20:2240,19.8856,102.1347,74.14,87,100,0.36
131,Saint-Joseph,RE,2022-10-12 20:2241,-21.3667,55.6167,72.46,76,22,11.97
132,Lingao,CN,2022-10-12 20:2241,19.9103,109.6859,72.07,63,67,6.49
133,Chokurdakh,RU,2022-10-12 20:2242,70.6333,147.9167,2.25,90,80,5.28
134,Pueblo Bello,CO,2022-10-12 20:2243,8.2041,-76.526,78.75,93,100,4.07
135,Kargasok,RU,2022-10-12 20:2243,59.0556,80.8572,34.23,92,50,8.63
136,Praia Da Vitoria,PT,2022-10-12 20:2344,38.7333,-27.0667,72.75,83,20,7.4
137,Oranjemund,NA,2022-10-12 20:2345,-28.55,16.4333,58.24,92,46,6.2
138,Palmer,US,2022-10-12 20:2215,42.1584,-72.3287,71.2,40,75,14.97
139,Hithadhoo,MV,2022-10-12 20:2346,-0.6,73.0833,79.27,81,90,12.44
140,Bairiki,KI,2022-10-12 20:2347,1.3292,172.9752,82.4,74,75,12.66
141,Sitka,US,2022-10-12 20:2347,57.0531,-135.33,57.09,82,100,12.66
142,Sulmona,IT,2022-10-12 20:2348,42.0479,13.9291,64.06,83,100,0.96
143,Mount Gambier,AU,2022-10-12 20:2348,-37.8333,140.7667,51.71,100,100,6.91
144,San Vicente,AR,2022-10-12 20:2349,-26.6167,-54.1333,67.55,62,100,0.27
145,Constitucion,CL,2022-10-12 20:2349,-35.3333,-72.4167,59.32,61,61,20.71
146,Havoysund,NO,2022-10-12 20:2350,70.9963,24.6622,43.03,74,100,29.19
147,Broome,US,2022-10-12 20:2351,42.2506,-75.833,68.63,58,0,9.22
148,Dunedin,NZ,2022-10-12 20:2352,-45.8742,170.5036,48.79,66,51,5.01
149,Tuatapere,NZ,2022-10-12 20:2352,-46.1333,167.6833,47.43,65,98,3.38
150,Katherine,AU,2022-10-12 20:2353,-14.4667,132.2667,80.92,65,27,8.05
151,Marzuq,YE,2022-10-12 20:2354,14.4,46.4667,71.92,43,2,3.91
152,Puerto Quijarro,BO,2022-10-12 20:2354,-17.7833,-57.7667,83.1,68,99,2.86
153,Tucupita,VE,2022-10-12 20:2355,9.0622,-62.051,76.69,92,100,4.97
154,Tura,IN,2022-10-12 20:1946,25.5198,90.2201,70.61,98,100,1.41
155,Nenjiang,CN,2022-10-12 20:2356,49.1833,125.2167,41.11,51,51,2.82
156,Adrar,MR,2022-10-12 20:2357,20.5022,-10.0711,92.32,20,87,12.06
157,Bonfim,BR,2022-10-12 20:2358,3.0833,-59.95,88.11,54,99,5.03
158,Vardo,NO,2022-10-12 20:2358,70.3705,31.1107,40.98,87,0,14.97
159,Bethel,US,2022-10-12 20:2359,41.3712,-73.414,69.35,52,0,10.36
160,Malinovoye Ozero,RU,2022-10-12 20:2400,51.6753,79.7825,44.83,68,86,6.35
161,Karratha,AU,2022-10-12 20:2400,-20.7377,116.8463,70.74,22,46,15.97
162,Kyra,RU,2022-10-12 20:2401,49.5776,111.9753,32.58,64,15,2.33
163,Cidreira,BR,2022-10-12 20:2402,-30.1811,-50.2056,64.49,83,80,9.98
164,Dong Hoi,VN,2022-10-12 20:2403,17.4833,106.6,73.65,74,97,9.48
165,Tobol,KZ,2022-10-12 20:2404,52.6844,62.5794,50.7,40,100,7.56
166,Mahebourg,MU,2022-10-12 20:2405,-20.4081,57.7,71.89,68,75,6.91
167,Coquimbo,CL,2022-10-12 20:2406,-29.9533,-71.3436,62.33,72,0,16.11
168,Dikson,RU,2022-10-12 20:2408,73.5069,80.5464,29.26,75,100,4.68
169,Grindavik,IS,2022-10-12 20:2408,63.8424,-22.4338,42.75,100,75,11.5
170,Balykshi,KZ,2022-10-12 20:2409,47.0667,51.8667,55.4,76,40,15.66
171,Kayes,ML,2022-10-12 20:2410,14.0,-11.0,82.62,62,85,2.64
172,Fortuna,US,2022-10-12 20:2411,40.5982,-124.1573,69.93,72,20,9.22
173,Itarema,BR,2022-10-12 20:2400,-2.9248,-39.9167,81.37,68,72,18.07
174,Gorontalo,ID,2022-10-12 20:2413,0.5412,123.0595,74.37,88,92,1.7
175,Ilulissat,GL,2022-10-12 20:2414,69.2167,-51.1,30.22,69,75,0.0
176,Nemuro,JP,2022-10-12 20:2415,43.3236,145.575,53.38,67,1,6.6
177,Araouane,ML,2022-10-12 20:2415,18.9048,-3.5265,93.63,10,25,7.16
178,Erdenet,MN,2022-10-12 20:2416,49.0333,104.0833,31.37,67,5,5.48
179,Roebourne,AU,2022-10-12 20:2417,-20.7833,117.1333,71.46,22,50,17.22
180,Spokoynaya,RU,2022-10-12 20:2418,44.2468,41.4015,46.87,77,100,1.57
181,Pemberton,CA,2022-10-12 20:2419,50.3164,-122.8027,78.21,37,100,0.72
182,Sao Joao Da Barra,BR,2022-10-12 20:2420,-21.6403,-41.0511,80.69,79,42,16.67
183,Lorengau,PG,2022-10-12 20:2520,-2.0226,147.2712,78.17,77,81,1.99
184,Puerto Escondido,MX,2022-10-12 20:2521,15.85,-97.0667,86.83,54,75,12.66
185,Choix,MX,2022-10-12 20:2522,26.7092,-108.3219,93.61,20,0,3.96
186,Bathsheba,BB,2022-10-12 20:2523,13.2167,-59.5167,84.81,70,40,16.11
187,Daltenganj,IN,2022-10-12 20:2523,24.0333,84.0667,74.28,92,97,1.12
188,Provideniya,RU,2022-10-12 20:2524,64.3833,-173.3,25.66,73,3,3.24
189,Anahuac,MX,2022-10-12 20:2525,27.2333,-100.15,91.4,37,29,0.51
190,Abonnema,NG,2022-10-12 20:2526,4.7084,6.7931,77.29,90,66,4.07
191,Port Alfred,ZA,2022-10-12 20:2527,-33.5906,26.891,67.17,94,100,4.0
192,Hameenlinna,FI,2022-10-12 20:2527,60.996,24.4643,33.15,91,13,4.34
193,Sao Filipe,CV,2022-10-12 20:2528,14.8961,-24.4956,79.92,80,37,9.75
194,Poum,NC,2022-10-12 20:2529,-20.2333,164.0167,74.68,77,0,13.0
195,Nome,US,2022-10-12 20:2530,64.5011,-165.4064,32.07,81,100,6.91
196,Sur,OM,2022-10-12 20:2531,22.5667,59.5289,78.6,51,7,7.54
197,Saint-Philippe,RE,2022-10-12 20:2532,-21.3585,55.7679,69.39,78,42,11.77
198,Avarua,CK,2022-10-12 20:2532,-21.2078,-159.775,78.85,83,75,16.11
199,Pouebo,NC,2022-10-12 20:2533,-20.4,164.5667,73.74,77,0,5.77
200,Jumla,NP,2022-10-12 20:2534,29.2747,82.1838,46.56,89,0,5.21
201,Cabedelo,BR,2022-10-12 20:2356,-6.9811,-34.8339,81.27,75,100,18.59
202,Padang,ID,2022-10-12 20:2535,-0.9492,100.3543,75.69,86,98,1.86
203,Yongan,CN,2022-10-12 20:2535,39.6957,113.6871,49.17,34,100,1.07
204,Port Macquarie,AU,2022-10-12 20:2536,-31.4333,152.9167,58.89,73,97,2.8
205,Cedar Falls,US,2022-10-12 20:2052,42.5278,-92.4455,67.21,45,100,25.01
206,Hambantota,LK,2022-10-12 20:2537,6.1241,81.1185,78.37,85,100,12.91
207,Portland,US,2022-10-12 20:2525,45.5234,-122.6762,77.7,51,20,5.75
208,Gobabis,NA,2022-10-12 20:2538,-22.45,18.9667,73.47,15,98,12.33
209,Middelburg,ZA,2022-10-12 20:2539,-25.7751,29.4648,72.03,35,85,11.1
210,Sola,VU,2022-10-12 20:2539,-13.8833,167.55,80.64,73,31,13.27
211,Aloleng,PH,2022-10-12 20:2540,16.1307,119.7824,79.18,83,100,6.58
212,Crossville,US,2022-10-12 20:2540,35.949,-85.0269,72.18,90,100,8.05
213,Lata,PT,2022-10-12 20:2541,40.1629,-8.3327,66.92,88,3,2.75
214,Hamilton,US,2022-10-12 20:2430,39.1834,-84.5333,78.66,54,40,14.97
215,Nuuk,GL,2022-10-12 20:2542,64.1835,-51.7216,29.01,80,40,12.66
216,Port-Cartier,CA,2022-10-12 20:2543,50.0334,-66.8654,50.76,63,8,6.08
217,Honjo,JP,2022-10-12 20:2543,36.2333,139.1833,59.67,72,100,2.82
218,Santa Quiteria,BR,2022-10-12 20:2544,-4.3319,-40.1567,95.36,21,10,7.81
219,Mayskiy,RU,2022-10-12 20:2544,47.6931,40.1025,44.01,52,2,5.93
220,Khasan,RU,2022-10-12 20:2545,42.4308,130.6434,52.75,86,100,3.6
221,Naze,JP,2022-10-12 20:2546,28.3667,129.4833,74.32,79,91,22.86
222,Zhicheng,CN,2022-10-12 20:2546,30.2956,111.5047,55.35,49,0,4.45
223,Yantarnyy,RU,2022-10-12 20:2547,54.8717,19.9381,48.06,80,44,5.26
224,Faanui,PF,2022-10-12 20:2547,-16.4833,-151.75,78.6,76,15,16.62
225,Noumea,NC,2022-10-12 20:2548,-22.2763,166.4572,75.99,99,89,13.29
226,Itum-Kale,RU,2022-10-12 20:2549,42.7356,45.5758,46.13,74,68,1.61
227,Saint-Augustin,CA,2022-10-12 20:2549,51.226,-58.6502,42.04,78,100,8.7
228,Lebu,CL,2022-10-12 20:2650,-37.6167,-73.65,53.4,72,48,14.58
229,Tuktoyaktuk,CA,2022-10-12 20:2651,69.4541,-133.0374,30.2,86,40,12.66
230,Norman Wells,CA,2022-10-12 20:2651,65.282,-126.8329,28.44,86,100,3.44
231,Faya,SA,2022-10-12 20:2652,18.3851,42.4509,64.92,22,16,7.11
232,La Ferte-Bernard,FR,2022-10-12 20:2652,48.1863,0.6536,53.22,71,100,4.0
233,Arraial Do Cabo,BR,2022-10-12 20:2653,-22.9661,-42.0278,73.26,88,75,10.36
234,Almaznyy,RU,2022-10-12 20:2654,48.0448,40.045,45.25,56,0,6.11
235,Jaru,BR,2022-10-12 20:2654,-10.4389,-62.4664,89.87,44,97,6.55
236,Zelenoborskiy,RU,2022-10-12 20:2655,66.845,32.3622,39.09,81,73,10.38
237,Eufaula,US,2022-10-12 20:2655,31.8913,-85.1455,78.84,79,75,5.75
238,Zolotonosha,UA,2022-10-12 20:2656,49.6689,32.0377,46.67,74,94,7.14
239,Kungurtug,RU,2022-10-12 20:2207,50.5994,97.5228,32.4,59,95,2.71
240,Barnstaple,GB,2022-10-12 20:2657,51.0802,-4.0581,57.2,97,100,8.95
241,Saint George,US,2022-10-12 20:2658,37.1041,-113.5841,83.95,19,0,3.0
242,Ponta Do Sol,PT,2022-10-12 20:2659,32.6667,-17.1,72.72,73,38,5.12
243,Olafsvik,IS,2022-10-12 20:2659,64.8945,-23.7142,43.7,73,79,9.44
244,Rincon,US,2022-10-12 20:2526,32.296,-81.2354,78.85,82,100,13.8
245,Whitehorse,CA,2022-10-12 20:2409,60.7161,-135.0538,36.1,90,100,3.44
246,Kavieng,PG,2022-10-12 20:2701,-2.5744,150.7967,81.5,74,100,4.92
247,Airai,TL,2022-10-12 20:2702,-8.9266,125.4092,59.65,86,75,1.12
248,Leningradskiy,RU,2022-10-12 20:2703,69.3833,178.4167,16.02,78,65,9.62
249,Sompeta,IN,2022-10-12 20:2704,18.9333,84.6,78.42,88,100,3.44
250,Seoul,KR,2022-10-12 20:2704,37.5683,126.9778,53.04,97,20,3.44
251,Shirgaon,IN,2022-10-12 20:2705,19.7,72.7,80.15,80,99,5.64
252,Acapulco,MX,2022-10-12 20:2323,16.8634,-99.8901,84.02,79,100,5.75
253,Urumqi,CN,2022-10-12 20:2707,43.801,87.6005,41.95,42,0,2.24
254,Aripuana,BR,2022-10-12 20:2708,-9.1667,-60.6333,82.4,67,89,3.78
255,Narsaq,GL,2022-10-12 20:2709,60.9167,-46.05,30.42,71,6,5.1
256,Ostrovnoy,RU,2022-10-12 20:2710,68.0531,39.5131,42.33,82,100,14.52
257,Tomatlan,MX,2022-10-12 20:2711,19.9333,-105.25,90.45,48,66,7.78
258,Pangnirtung,CA,2022-10-12 20:2713,66.1451,-65.7125,21.2,68,20,3.44
259,Kamenka,RU,2022-10-12 20:2713,51.3223,42.7678,46.78,82,98,8.88
260,Hoshangabad,IN,2022-10-12 20:2714,22.75,77.7167,72.55,79,15,4.14
261,Vao,NC,2022-10-12 20:2716,-22.6667,167.4833,70.5,74,12,19.04
262,Buraydah,SA,2022-10-12 20:2414,26.326,43.975,77.45,13,0,9.53
263,Kavaratti,IN,2022-10-12 20:2718,10.5669,72.642,80.83,77,72,6.78
264,Yvetot,FR,2022-10-12 20:2718,49.6174,0.7581,58.33,87,99,4.94
265,Yeniseysk,RU,2022-10-12 20:2719,58.4497,92.1703,36.36,90,100,6.55
266,Sorgun,TR,2022-10-12 20:2720,39.8101,35.186,54.82,62,100,5.35
267,San Matias,BO,2022-10-12 20:2720,-16.3667,-58.4,86.41,56,85,5.08
268,Ribas Do Rio Pardo,BR,2022-10-12 20:2721,-20.4431,-53.7592,77.77,61,100,3.87
269,Aanekoski,FI,2022-10-12 20:2722,62.6946,25.818,32.68,100,14,6.4
270,Iqaluit,CA,2022-10-12 20:2723,63.7506,-68.5145,28.13,74,75,12.66
271,Jacareacanga,BR,2022-10-12 20:2724,-6.2222,-57.7528,87.35,52,97,2.8
272,Baherden,TM,2022-10-12 20:2824,38.4362,57.4316,67.44,53,0,5.64
273,Saint-Pierre,RE,2022-10-12 20:2825,-21.3393,55.4781,73.56,64,20,8.05
274,Barra Do Garcas,BR,2022-10-12 20:2538,-15.89,-52.2567,91.98,43,0,0.0
275,Fairbanks,US,2022-10-12 20:2535,64.8378,-147.7164,28.6,91,100,8.05
276,Amahai,ID,2022-10-12 20:2826,-3.3333,128.9167,77.7,86,84,1.9
277,Kenai,US,2022-10-12 20:2827,60.5544,-151.2583,36.09,59,100,17.27
278,Katsuura,JP,2022-10-12 20:2827,35.1333,140.3,62.62,89,100,17.78
279,Loyga,RU,2022-10-12 20:2828,61.0784,44.6075,38.01,92,97,3.87
280,Nurmijarvi,FI,2022-10-12 20:2829,60.4641,24.8073,41.13,85,0,1.14
281,Nouadhibou,MR,2022-10-12 20:2829,20.931,-17.0347,76.98,57,0,17.27
282,Trinidad,BO,2022-10-12 20:2830,-14.8333,-64.9,85.98,62,75,6.91
283,Tawang,IN,2022-10-12 20:2831,27.5833,91.8667,50.5,95,91,0.94
284,Borazjan,IR,2022-10-12 20:2831,29.2666,51.2159,84.69,32,0,6.06
285,Clovis,US,2022-10-12 20:2600,36.8252,-119.7029,91.62,35,20,3.44
286,Nara,JP,2022-10-12 20:2427,34.6851,135.8049,59.7,74,19,3.38
287,Mayya,RU,2022-10-12 20:2833,61.7333,130.2811,27.72,95,100,5.99
288,La Rioja,ES,2022-10-12 20:2833,42.25,-2.5,49.78,91,10,4.27
289,Solginskiy,RU,2022-10-12 20:2834,61.05,41.3428,42.75,86,97,4.14
290,Bilma,NE,2022-10-12 20:2835,18.6853,12.9164,86.59,15,0,5.73
291,East London,ZA,2022-10-12 20:2835,-33.0153,27.9116,69.15,89,99,12.26
292,Latung,PH,2022-10-12 20:2836,5.5,120.8833,82.92,75,100,5.3
293,Comodoro Rivadavia,AR,2022-10-12 20:2836,-45.8667,-67.5,51.66,28,40,17.27
294,Kedrovyy,RU,2022-10-12 20:2837,56.1667,91.8167,34.21,91,100,8.79
295,Krasnyy Chikoy,RU,2022-10-12 20:2838,50.3643,108.7512,31.05,81,4,3.85
296,Griffith,US,2022-10-12 20:2838,41.5284,-87.4237,61.29,90,100,11.5
297,San Ramon,US,2022-10-12 20:2757,37.7799,-121.978,78.28,62,0,5.75
298,Uni,RU,2022-10-12 20:2839,57.7535,51.4923,46.99,88,100,2.91
299,Meulaboh,ID,2022-10-12 20:2840,4.1363,96.1285,76.66,87,64,2.28
300,Tabuk,PH,2022-10-12 20:2840,17.4189,121.4443,70.97,95,100,1.88
301,Ixtapa,MX,2022-10-12 20:2841,20.7,-105.2,88.23,55,100,8.05
302,Bayonet Point,US,2022-10-12 20:2842,28.3267,-82.6834,85.35,78,100,3.87
303,Marystown,CA,2022-10-12 20:2843,47.1666,-55.1483,52.54,70,1,11.43
304,Tumaco,CO,2022-10-12 20:2843,1.7986,-78.8156,80.55,72,100,16.08
305,Asau,RO,2022-10-12 20:2844,46.4333,26.4,51.28,93,83,1.39
306,Lompoc,US,2022-10-12 20:2844,34.6391,-120.4579,83.01,81,0,8.05
307,Longyearbyen,SJ,2022-10-12 20:2845,78.2186,15.6401,33.64,80,75,1.14
308,Istok,XK,2022-10-12 20:2846,42.7808,20.4875,55.56,88,88,1.12
309,Geraldton,AU,2022-10-12 20:2846,-28.7667,114.6,43.21,81,0,3.44
310,Pierre,US,2022-10-12 20:2847,44.3683,-100.351,58.86,34,100,41.43
311,San Carlos De Bariloche,AR,2022-10-12 20:2847,-41.1456,-71.3082,46.15,34,40,24.16
312,Severo-Kurilsk,RU,2022-10-12 20:2848,50.6789,156.125,43.79,83,100,43.33
313,Tabou,CI,2022-10-12 20:2849,4.423,-7.3528,77.11,82,67,5.75
314,Kununurra,AU,2022-10-12 20:2645,-15.7667,128.7333,76.98,88,3,0.0
315,Bacolod,PH,2022-10-12 20:2543,10.6667,122.95,77.77,89,100,7.4
316,Longyan,CN,2022-10-12 20:2850,25.1072,117.0225,58.28,85,32,3.98
317,Folkestone,GB,2022-10-12 20:2851,51.0833,1.1833,58.73,93,100,7.0
318,La Asuncion,VE,2022-10-12 20:2851,11.0333,-63.8628,85.73,74,70,14.97
319,Clyde River,CA,2022-10-12 20:2852,70.4692,-68.5914,21.43,79,75,17.27
320,Makakilo City,US,2022-10-12 20:2952,21.3469,-158.0858,83.01,70,0,5.75
321,Manoel Urbano,BR,2022-10-12 20:2953,-8.8389,-69.2597,94.19,38,100,4.7
322,Ende,ID,2022-10-12 20:2954,-8.8432,121.6623,78.26,82,71,4.38
323,Okato,NZ,2022-10-12 20:2954,-39.2,173.8833,56.91,70,100,2.68
324,Lerwick,GB,2022-10-12 20:2955,60.1545,-1.1494,50.0,72,7,14.97
325,Sambava,MG,2022-10-12 20:2955,-14.2667,50.1667,69.12,84,3,11.97
326,Codrington,AU,2022-10-12 20:2956,-38.2667,141.9667,51.69,96,100,4.45
327,Hirara,JP,2022-10-12 20:2956,24.8,125.2833,79.38,74,81,23.6
328,Cherskiy,RU,2022-10-12 20:2957,68.75,161.3,4.84,93,100,6.4
329,Mount Isa,AU,2022-10-12 20:2958,-20.7333,139.5,71.37,78,1,0.0
330,Bonavista,CA,2022-10-12 20:2958,48.6499,-53.1147,49.46,61,45,3.58
331,Kralendijk,BQ,2022-10-12 20:2959,12.15,-68.2667,76.98,94,75,18.41
332,Iquique,CL,2022-10-12 20:3000,-20.2208,-70.1431,62.64,68,18,6.96
333,Isangel,VU,2022-10-12 20:2946,-19.55,169.2667,70.36,93,100,5.32
334,Amazar,RU,2022-10-12 20:3001,53.858,120.875,32.16,89,27,2.06
335,Pyaozerskiy,RU,2022-10-12 20:3005,65.8333,31.1667,36.3,86,35,10.0
336,Lasa,IT,2022-10-12 20:3006,46.6166,10.7002,58.08,90,30,0.74
337,Cururupu,BR,2022-10-12 20:3008,-1.8283,-44.8683,79.86,77,71,6.53
338,Turayf,SA,2022-10-12 20:3012,31.6725,38.6637,73.65,25,0,4.61
339,Cap-Aux-Meules,CA,2022-10-12 20:3013,47.3821,-61.8597,53.65,66,20,12.66
340,Majene,ID,2022-10-12 20:3014,-3.5403,118.9707,76.69,89,96,3.02
341,Tromso,NO,2022-10-12 20:3015,69.6496,18.957,41.02,81,75,18.41
342,Berlevag,NO,2022-10-12 20:3018,70.8578,29.0864,42.75,81,75,21.85
343,Wanlaweyn,SO,2022-10-12 20:3018,2.6185,44.8938,75.58,82,22,12.01
344,Menongue,AO,2022-10-12 20:3019,-14.6585,17.691,70.23,23,87,5.46
345,Wangqing,CN,2022-10-12 20:3022,43.3218,129.7634,43.68,96,100,2.26
346,Carnot,CF,2022-10-12 20:3023,4.9409,15.8665,71.11,93,93,1.74
347,Nishihara,JP,2022-10-12 20:3024,26.1842,127.7558,76.28,83,20,14.97
348,Conceicao Da Barra,BR,2022-10-12 20:3024,-18.5933,-39.7322,75.36,75,8,7.85
349,Dauphin,CA,2022-10-12 20:3025,51.1494,-100.0502,41.14,48,100,14.97
350,Phan Thiet,VN,2022-10-12 20:3026,10.9333,108.1,75.13,89,100,3.51
351,Alugan,PH,2022-10-12 20:3026,12.2188,125.4808,77.25,89,100,4.43
352,Northam,GB,2022-10-12 20:3027,51.0333,-4.2167,56.61,97,100,5.44
353,Walvis Bay,NA,2022-10-12 20:3028,-22.9575,14.5053,58.08,94,21,11.63
354,Ponerihouen,NC,2022-10-12 20:3029,-21.0833,165.4,75.43,73,18,5.61
355,Sinnamary,GF,2022-10-12 20:3029,5.3833,-52.95,80.28,82,94,9.95
356,Graaff-Reinet,ZA,2022-10-12 20:3030,-32.2522,24.5308,78.1,33,100,5.03
357,Staunton,US,2022-10-12 20:3031,38.1496,-79.0717,69.31,64,100,12.66
358,Ouango,CF,2022-10-12 20:3031,4.3133,22.5552,70.25,94,100,3.58
359,Kuruman,ZA,2022-10-12 20:3032,-27.4524,23.4325,68.0,20,31,8.28
360,Quatre Cocos,MU,2022-10-12 20:3033,-20.2078,57.7625,71.71,68,59,15.12
361,Flinders,AU,2022-10-12 20:3034,-34.5833,150.8552,60.39,87,89,7.0
362,Homer,US,2022-10-12 20:2744,59.6425,-151.5483,37.27,72,100,11.01
363,Maryborough,AU,2022-10-12 20:3034,-25.5333,152.7,66.0,76,11,6.38
364,Samarai,PG,2022-10-12 20:3035,-10.6167,150.6667,80.82,78,94,6.29
365,Bogo,PH,2022-10-12 20:3036,11.0517,124.0055,79.02,86,85,5.12
366,Cockburn Town,TC,2022-10-12 20:3037,21.4612,-71.1419,84.16,61,40,16.11
367,Montepuez,MZ,2022-10-12 20:3138,-13.1256,38.9997,69.35,64,0,6.02
368,Gioia Tauro,IT,2022-10-12 20:3138,38.424,15.899,72.3,84,100,4.83
369,Arlit,NE,2022-10-12 20:3139,18.7369,7.3853,90.32,12,0,9.19
370,Auki,SB,2022-10-12 20:3140,-8.7676,160.7034,79.79,80,100,2.08
371,Tekeli,KZ,2022-10-12 20:3141,44.83,78.8239,48.27,13,0,7.96
372,Vila Franca Do Campo,PT,2022-10-12 20:3141,37.7167,-25.4333,70.21,80,62,2.19
373,Manado,ID,2022-10-12 20:2911,1.487,124.8455,74.17,100,20,2.3
374,Ust-Uda,RU,2022-10-12 20:3142,54.1742,103.0304,39.22,89,100,1.92
375,Barahona,DO,2022-10-12 20:3143,18.2085,-71.1008,91.22,70,40,13.8
376,Rodrigues Alves,BR,2022-10-12 20:3143,-7.738,-72.6509,93.4,90,84,5.86
377,Fowa,NG,2022-10-12 20:3144,8.9167,6.4,75.72,88,48,1.32
378,Atambua,ID,2022-10-12 20:3145,-9.1061,124.8925,74.05,87,51,3.31
379,Kahului,US,2022-10-12 20:3145,20.8947,-156.47,87.82,69,20,13.8
380,Axim,GH,2022-10-12 20:3146,4.8699,-2.2405,76.82,87,23,8.19
381,Amapa,BR,2022-10-12 20:3147,1.0,-52.0,82.54,59,100,2.89
382,Narasannapeta,IN,2022-10-12 20:3147,18.4167,84.05,76.68,92,100,4.29
383,Tual,ID,2022-10-12 20:3148,-5.6667,132.75,83.53,73,76,12.48
384,Manokwari,ID,2022-10-12 20:3149,-0.8667,134.0833,79.45,74,100,4.92
385,Erenhot,CN,2022-10-12 20:3150,43.6475,111.9767,44.2,38,0,6.22
386,Simbahan,PH,2022-10-12 20:3150,6.3032,120.5836,82.53,75,70,4.83
387,Bayan,CN,2022-10-12 20:3151,46.0833,127.4,46.65,75,100,7.38
388,Los Llanos De Aridane,ES,2022-10-12 20:3152,28.6585,-17.9182,69.55,80,75,18.41
389,Sarakhs,IR,2022-10-12 20:3153,36.5449,61.1577,62.19,17,2,1.66
390,Rio Claro,BR,2022-10-12 20:3153,-22.4114,-47.5614,75.78,63,97,4.88
391,Ambulu,ID,2022-10-12 20:3154,-8.345,113.6058,74.73,91,44,2.91
392,Hit,IQ,2022-10-12 20:3155,33.6416,42.8251,77.16,26,96,1.95
393,Caceres,ES,2022-10-12 20:3155,39.522,-6.3748,67.37,48,2,2.42
394,Boralday,KZ,2022-10-12 20:3156,43.3578,76.8594,42.66,52,0,2.24
395,Lavrentiya,RU,2022-10-12 20:3157,65.5833,-171.0,26.38,57,18,4.29
396,San Angelo,US,2022-10-12 20:3029,31.4638,-100.437,92.59,31,0,10.36
397,Port Keats,AU,2022-10-12 20:3158,-14.25,129.55,81.14,72,2,8.81
398,Sturgeon Falls,CA,2022-10-12 20:3158,46.3646,-79.9326,60.89,83,100,14.72
399,Cabo San Lucas,MX,2022-10-12 20:3159,22.8909,-109.9124,92.61,61,0,11.5
400,Kalmunai,LK,2022-10-12 20:3159,7.4167,81.8167,78.46,86,54,6.44
401,Khandyga,RU,2022-10-12 20:3200,62.6667,135.6,11.14,99,97,3.44
402,Victoria,HK,2022-10-12 20:2937,22.2855,114.1577,77.25,71,16,8.01
403,Marevo,RU,2022-10-12 20:3201,57.3146,32.0804,39.45,94,8,4.25
404,Sumter,US,2022-10-12 20:3202,28.7086,-82.0831,84.15,73,100,2.24
405,Atar,MR,2022-10-12 20:3203,20.5169,-13.0499,91.33,28,100,13.22
406,Te Anau,NZ,2022-10-12 20:3205,-45.4167,167.7167,45.41,70,36,2.35
407,Bani,DO,2022-10-12 20:3206,18.2833,-70.3333,83.86,65,53,16.51
408,Ust-Maya,RU,2022-10-12 20:3207,60.4167,134.5333,23.7,89,100,3.8
409,Elko,US,2022-10-12 20:3042,41.0002,-115.5012,72.64,21,0,5.99
410,Pudozh,RU,2022-10-12 20:3208,61.8099,36.5345,43.66,78,100,3.85
411,Bela,IN,2022-10-12 20:3309,25.9333,81.9833,75.29,80,0,4.97
412,Egvekinot,RU,2022-10-12 20:3310,66.3167,-179.1667,13.91,70,21,3.78
413,Margate,GB,2022-10-12 20:3311,51.3813,1.3862,58.3,80,100,4.0
414,Westerland,DE,2022-10-12 20:3312,54.9079,8.3033,50.02,87,100,5.75
415,Bowen,AU,2022-10-12 20:3313,-20.0167,148.2333,74.08,68,96,14.36
416,Nosy Varika,MG,2022-10-12 20:3314,-20.5833,48.5333,65.88,88,3,4.68
417,Souillac,MU,2022-10-12 20:3122,-20.5167,57.5167,71.98,68,75,6.91
418,Skjervoy,NO,2022-10-12 20:3315,70.0311,20.9714,39.2,91,93,15.61
419,Shuyskoye,RU,2022-10-12 20:3316,59.3736,41.0305,42.91,79,100,3.69
420,Alberton,CA,2022-10-12 20:3317,46.8168,-64.0654,58.91,61,37,8.34
421,Youkounkoun,GN,2022-10-12 20:3318,12.5333,-13.1333,80.17,76,39,3.2
422,Kadyy,RU,2022-10-12 20:3319,57.787,43.1903,38.68,79,100,4.34
423,Shelburne,CA,2022-10-12 20:3320,44.0787,-80.2041,66.24,61,100,16.64
424,Zhob,PK,2022-10-12 20:3321,31.3411,69.4481,63.97,17,0,5.7
425,Zykovo,RU,2022-10-12 20:3321,55.9519,93.1461,36.34,90,100,9.37
426,Knysna,ZA,2022-10-12 20:3322,-34.0363,23.0471,63.61,95,96,2.66
427,Asyut,EG,2022-10-12 20:3323,27.181,31.1837,75.38,47,2,10.07
428,Hanmer Springs,NZ,2022-10-12 20:3323,-42.5167,172.8167,43.77,95,100,2.77
429,Huinan,CN,2022-10-12 20:3324,42.6225,126.2614,47.1,67,100,5.46
430,Alta Floresta,BR,2022-10-12 20:3325,-9.8756,-56.0861,75.02,94,75,9.22
431,Lincoln,US,2022-10-12 20:2849,40.8,-96.667,66.11,41,40,27.63
432,Ayr,GB,2022-10-12 20:3326,55.4627,-4.6339,49.98,76,20,3.44
433,Batemans Bay,AU,2022-10-12 20:3004,-35.7167,150.1833,60.1,79,97,8.39
434,Korla,CN,2022-10-12 20:3327,41.7597,86.1469,48.0,49,0,3.65
435,Uttaradit,TH,2022-10-12 20:3328,17.6667,100.5,67.42,98,16,2.82
436,Liuzhou,CN,2022-10-12 20:3329,24.3126,109.3892,62.82,32,44,5.3
437,Hofn,IS,2022-10-12 20:3329,64.2539,-15.2082,41.74,61,11,8.79
438,Lewiston,US,2022-10-12 20:2909,44.1003,-70.2148,72.05,64,0,8.05
439,Salinopolis,BR,2022-10-12 20:3331,-0.6136,-47.3561,81.28,76,84,12.57
440,Coria,ES,2022-10-12 20:3331,39.9879,-6.5377,72.45,50,5,3.8
441,Taoudenni,ML,2022-10-12 20:3332,22.6783,-3.9836,95.52,16,98,8.08
442,Shaowu,CN,2022-10-12 20:3332,27.3409,117.4831,52.84,73,4,1.32
443,Marsh Harbour,BS,2022-10-12 20:3333,26.5412,-77.0636,82.08,75,96,10.22
444,Kalangala,UG,2022-10-12 20:3334,-0.3089,32.225,70.95,68,51,6.17
445,Boyolangu,ID,2022-10-12 20:3335,-8.1181,111.8935,74.44,93,61,4.99
446,Xingcheng,CN,2022-10-12 20:3335,40.6167,120.7167,55.9,66,100,10.94
447,Santa Vitoria Do Palmar,BR,2022-10-12 20:2900,-33.5189,-53.3681,68.25,48,0,3.91
448,Mengyin,CN,2022-10-12 20:3337,35.7069,117.9264,49.62,75,54,2.46
449,Bodri,IN,2022-10-12 20:3338,23.1667,81.4333,69.75,94,48,2.68
450,Teya,RU,2022-10-12 20:3338,60.3778,92.6267,33.93,97,99,3.4
451,Bandarbeyla,SO,2022-10-12 20:3339,9.4942,50.8122,78.03,83,15,9.06
452,Aswan,EG,2022-10-12 20:3340,24.0934,32.907,85.3,26,0,8.05
453,Lidkoping,SE,2022-10-12 20:3340,58.5052,13.1577,48.22,92,98,10.0
454,Kieta,PG,2022-10-12 20:3341,-6.2167,155.6333,80.69,80,82,2.3
455,Itumbiara,BR,2022-10-12 20:3442,-18.4192,-49.2153,86.67,32,83,5.86
456,Port Augusta,AU,2022-10-12 20:3442,-32.5,137.7667,52.14,90,100,6.11
457,Angol,CL,2022-10-12 20:3443,-37.8,-72.7167,58.41,52,27,7.72
458,Soyo,AO,2022-10-12 20:3443,-6.1349,12.3689,77.05,82,37,10.07
459,Talcahuano,CL,2022-10-12 20:3015,-36.7167,-73.1167,58.68,58,20,20.71
460,Camacha,PT,2022-10-12 20:3444,33.0833,-16.3333,69.22,73,40,13.8
461,Moctezuma,MX,2022-10-12 20:3445,29.8,-109.6667,85.8,26,7,0.69
462,Umm Lajj,SA,2022-10-12 20:3446,25.0213,37.2685,83.07,55,0,8.55
463,Tukrah,LY,2022-10-12 20:3446,32.5341,20.5791,74.61,50,0,5.93
464,Port Hardy,CA,2022-10-12 20:3448,50.6996,-127.4199,50.18,93,40,3.44
465,Pevek,RU,2022-10-12 20:3448,69.7008,170.3133,17.85,85,85,10.89
466,San Ignacio,BZ,2022-10-12 20:3449,17.1561,-89.0714,91.54,66,40,0.0
467,Yoichi,JP,2022-10-12 20:3449,43.2039,140.7703,48.7,69,0,6.46
468,Tarakan,ID,2022-10-12 20:3450,3.3,117.6333,78.89,82,100,7.76
469,Argelia,CO,2022-10-12 20:3451,2.2556,-77.2488,72.36,88,97,2.37
470,Taraz,KZ,2022-10-12 20:3229,42.9,71.3667,52.21,25,5,13.42
471,Sarankhola,BD,2022-10-12 20:3452,22.3082,89.7897,76.33,93,2,3.31
472,Opuwo,NA,2022-10-12 20:3452,-18.0607,13.84,73.53,32,93,3.74
473,Rocha,UY,2022-10-12 20:3453,-34.4833,-54.3333,64.94,65,2,8.43
474,Tevriz,RU,2022-10-12 20:3454,57.509,72.4042,35.71,92,14,3.22
475,Emerald,AU,2022-10-12 20:3454,-23.5333,148.1667,60.35,85,0,14.52
476,Shebunino,RU,2022-10-12 20:3455,46.4339,141.8603,48.58,69,23,6.29
477,Pisco,PE,2022-10-12 20:3328,-13.7,-76.2167,66.25,68,0,6.91
478,Kloulklubed,PW,2022-10-12 20:3456,7.0419,134.2556,79.3,73,100,19.84
479,Berdigestyakh,RU,2022-10-12 20:3457,62.0989,126.6992,28.65,98,100,3.15
480,San Lorenzo,PY,2022-10-12 20:3303,-25.3333,-57.5333,76.59,57,20,7.0
481,Denizli,TR,2022-10-12 20:3457,37.8402,29.0698,61.02,72,3,3.09
482,Ahipara,NZ,2022-10-12 20:3458,-35.1667,173.1667,60.84,68,95,3.24
483,Westport,US,2022-10-12 20:3459,41.1415,-73.3579,69.62,53,0,12.66
484,Chillicothe,US,2022-10-12 20:3310,39.3331,-82.9824,76.24,49,40,5.75
485,Bernay,FR,2022-10-12 20:3500,49.1667,0.6667,57.07,84,100,3.04
486,Dourados,BR,2022-10-12 20:3501,-22.2211,-54.8056,67.1,97,98,5.99
487,Sanary-Sur-Mer,FR,2022-10-12 20:3502,43.1178,5.8001,69.89,80,50,1.01
488,Ouargaye,BF,2022-10-12 20:3503,11.5033,0.0572,83.14,50,2,5.28
489,Buritis,BR,2022-10-12 20:3404,-15.6178,-46.4233,87.69,17,4,7.63
490,Kiama,AU,2022-10-12 20:3445,-34.6833,150.8667,60.58,86,92,5.99
491,Harbour Breton,CA,2022-10-12 20:3505,47.4833,-55.7983,51.69,74,3,11.63
492,Ercis,TR,2022-10-12 20:3506,39.0287,43.3586,54.75,41,98,2.55
493,Ayan,RU,2022-10-12 20:3218,56.45,138.1667,38.62,57,100,3.06
494,Shigony,RU,2022-10-12 20:3507,53.3875,48.6777,50.56,88,100,5.06
495,Hobyo,SO,2022-10-12 20:3508,5.3505,48.5268,77.43,82,38,19.15
496,Teguldet,RU,2022-10-12 20:3509,57.3064,88.1667,34.52,93,84,5.55
497,Orange,US,2022-10-12 20:3509,33.7,-117.7675,84.61,67,75,4.61
498,Acarau,BR,2022-10-12 20:3510,-2.8856,-40.12,79.92,73,53,18.19
499,Saint-Louis,SN,2022-10-12 20:3511,16.3333,-15.0,93.38,35,100,10.83
500,Warin Chamrap,TH,2022-10-12 20:3512,15.1932,104.8628,71.42,83,0,8.05
501,Casablanca,MA,2022-10-12 20:3402,33.5928,-7.6192,71.62,88,5,5.99
502,Aldan,RU,2022-10-12 20:3514,58.6031,125.3894,32.09,98,100,6.82
503,Deputatskiy,RU,2022-10-12 20:3514,69.3,139.9,-3.46,87,3,5.06
504,Fukue,JP,2022-10-12 20:3615,32.6881,128.8419,69.04,64,1,18.05
505,Anzio,IT,2022-10-12 20:3616,41.4853,12.6179,69.98,82,100,6.38
506,Cefalu,IT,2022-10-12 20:3617,38.0386,14.0229,69.55,92,83,7.0
507,Zambezi,ZM,2022-10-12 20:3618,-13.5432,23.1047,73.96,26,97,4.63
508,Esperance,AU,2022-10-12 20:3618,-33.8667,121.9,54.19,64,98,18.07
509,Porto Novo,BJ,2022-10-12 20:3608,6.4965,2.6036,80.42,88,11,4.07
510,Luba,GQ,2022-10-12 20:3620,3.4568,8.5547,78.69,86,28,3.51
511,Proletarskiy,RU,2022-10-12 20:3620,50.7914,35.7731,43.92,89,22,5.82
512,Kondinskoye,RU,2022-10-12 20:3621,59.6481,67.41,38.46,86,79,5.88
513,Anadyr,RU,2022-10-12 20:3622,64.75,177.4833,12.7,85,0,6.71
514,Bridgewater,CA,2022-10-12 20:3623,44.3835,-64.5155,62.62,72,38,4.23
515,Sakakah,SA,2022-10-12 20:3623,29.9697,40.2064,80.17,24,53,6.82
516,Arica,CL,2022-10-12 20:3624,-18.475,-70.3042,69.35,63,75,14.97
517,Gordeyevka,RU,2022-10-12 20:3624,52.9569,31.9703,47.8,62,100,4.41
518,Glenwood Springs,US,2022-10-12 20:3607,39.5505,-107.3248,71.4,26,0,9.22
519,Bunia,CD,2022-10-12 20:3625,1.5667,30.25,62.94,83,49,2.91
520,Boulder City,US,2022-10-12 20:3440,35.9786,-114.8325,88.29,15,0,4.61
521,Puerto Del Rosario,ES,2022-10-12 20:3627,28.5004,-13.8627,73.15,73,20,14.97
522,Kemin,KG,2022-10-12 20:3628,42.7846,75.6892,52.39,13,0,5.12
523,Boa Vista,BR,2022-10-12 20:3629,2.8197,-60.6733,91.38,46,40,4.61
524,Lindas,NO,2022-10-12 20:3629,60.7381,5.16,51.76,82,100,17.02
525,Zhigansk,RU,2022-10-12 20:3630,66.7697,123.3711,25.77,94,99,15.1
526,Mantua,IT,2022-10-12 20:3631,45.1667,10.7833,63.64,79,100,1.99
527,Rio Grande,BR,2022-10-12 20:3632,-32.035,-52.0986,73.51,74,0,6.55
528,Aviles,ES,2022-10-12 20:3632,43.5547,-5.9248,63.18,90,20,2.3
529,The Valley,AI,2022-10-12 20:3633,18.217,-63.0578,86.14,74,40,11.5
530,Dabat,ET,2022-10-12 20:3633,12.9842,37.765,56.16,69,59,3.18
531,Tandalti,SD,2022-10-12 20:3634,13.0167,31.8667,86.4,45,91,13.11
532,Beloha,MG,2022-10-12 20:3635,-25.1667,45.05,69.42,82,0,5.12
533,Rosetta,EG,2022-10-12 20:3635,31.4044,30.4164,72.59,70,0,12.39
